0,1,2
-0.7806728387147694,-1.4220549526586244,0
-0.783852372029669,-0.8420565796229731,1
0.5839130214839312,0.02090806402212025,1
-1.4484909777226236,-1.2225884833591874,0
1.0195183512183614,-2.205883310814699,0
-0.8420483261374019,1.1701284735603612,0
-0.3511110017569449,0.16613903712822542,0
-0.28722368626884837,0.18499627106316002,0
-0.8267739243113861,-0.8592370561524263,1
0.28318080087857583,0.3073305821028425,0
-0.57748492998997,-0.2120936912629035,1
0.016029847908726073,-0.5872903447306784,1
-0.030256733572108837,-1.4013859888393947,0
-1.2101686730238344,1.0773463051041432,0
-1.0700811690037761,-1.0189993103798785,0
-1.1084645143562089,0.423872494642865,1
-0.027037274500199257,-1.0615315234281653,1
-0.28920642202187724,-1.3383697445235831,1
0.23747831462603697,-1.594391915615424,0
-1.705691315998148,0.9883403046452945,0
-0.8374305960495861,0.15674051006997902,1
1.7659910772459315,0.6084514685596463,0
-1.3277610012704375,-1.404550325312483,0
0.5474122978647563,-0.3810216393932241,0
0.2572875219040055,0.046503405071173495,0
1.1576543425654677,1.1005688546180192,0
1.43134956681254,-0.7705198059738191,0
-0.2058923798969362,0.9278180753285767,1
0.9169549007554912,-0.9572130900864291,1
-1.3984697896441411,0.5934019779614522,0
-0.10208157022629968,0.3974280467959006,0
0.07550870449370234,-0.8206194370282824,1
1.6369892965985886,0.5444887321695343,0
0.9988440057518804,0.3648678449284588,1
-0.02742845975100734,-1.563354836086743,0
2.0544641094675384,1.0998992926755946,0
0.07697656698400522,1.0021500037942983,1
0.1321910882826536,0.788831944183679,1
2.325937788177906,-0.5221605712007609,0
0.2190405178378731,-0.26444733273351834,0
-1.3334742905483488,1.805379565620275,0
-1.2312454801007455,1.8185429305897671,0
-0.6749222086136243,-0.2784988029568856,1
-0.3482286243592969,1.4793492518173892,0
-0.8389507760955301,0.26965226978737056,1
0.4361566945587558,1.0850764044777153,1
-0.5236353533224036,-0.032790041480624574,0
0.0581252101092749,-1.2943855268336084,1
0.14170318869568171,-0.7941182343616976,1
-0.19450919643123302,-0.737588586950854,1
0.37585442296688254,0.8444660158132377,1
-1.1029283684905844,-0.9475999306633346,0
0.6170473503322965,-0.07955912164330013,1
1.8717536774090622,1.227953245573056,0
0.18279289822122102,1.2018186196245875,1
0.5968572504938271,-0.9597999686145181,1
-0.037514547625251596,0.6489042366970139,1
-0.22825251208756145,-1.5981134007280335,0
1.2982126145575315,-1.0240403587878386,0
-0.4359027974506308,0.3226309876459696,0
0.16914567893849655,-0.5832184428996152,0
0.31839520391291404,-0.19364053250618318,0
-0.4932602342253417,-0.7547598002804391,1
0.17906984489226027,1.7689504248348304,0
0.8528600117181575,-1.9655758086948623,0
-0.948102482235945,-1.206082798635838,0
-0.46316238612059674,-0.17848172931776157,0
-0.2692717323767227,0.22293737924053744,0
1.0174455839482561,0.3508191825449854,1
-1.3112048408600854,0.6346293037810748,0
1.7087080227383145,-0.027510294818632267,0
-1.317709629717854,0.8874702110627112,0
0.04471394226117146,-2.513506500031488,0
0.6382780441262806,-0.7214537205110748,1
-0.25958354216698654,-0.48645840078247127,0
-0.9700119867583165,0.5583531414264952,1
-0.2702429525654028,0.2211786035206457,0
0.25277780515970644,1.6957005394924558,0
0.06005943583442669,-0.07475506126894663,0
1.8811323431148588,0.038000455570680824,0
-0.2803031799894199,-0.8380612539234383,1
-0.041112227839754344,1.200535551896122,1
0.35842128523847533,0.6996840126247824,1
-1.118691233005079,-0.5594792551278355,1
0.3204367709618474,0.7565262390691987,1
-0.2948903593130169,0.9687185445797662,1
1.625292911698218,0.6597344774137993,0
-1.6485938612547004,1.507900539565512,0
-0.4370654684414372,0.49843214406267805,0
0.2312544680618981,0.5921773273003174,1
0.10474384860789625,0.5589893311969127,0
-0.4982745208398546,1.1385938562422946,1
2.71286492003282,-0.2445724009315352,0
0.6699502048752024,0.2302525936302868,1
-0.6156366965730939,-0.2984872800311489,1
-0.08141111102830605,-0.8454017494068722,1
-0.9550646818436019,-1.0110109047879374,1
-0.9547835191100883,-0.045766346430732685,1
-0.8162760007547665,-1.1318926441376695,1
1.0435618076136843,0.8231857128264234,0
-0.10009042234220598,0.9466125609807767,1
0.7596092450491007,0.04881504088848805,1
-1.1998408687911395,1.6801315189993467,0
-0.43823634197000483,-0.7521794824336302,1
1.3249142729577768,0.522859513995063,0
2.158762203424631,0.2805225022242975,0
-0.4632555198348862,1.2264573838100268,1
1.2525038791689997,1.101691111741752,0
0.32815048103077776,-0.2350972395519686,0
0.6076508402934647,-0.12642237814047574,1
2.3346171898714165,0.2035338818275975,0
-1.4169656127438346,1.985434872088466,0
-1.055298474356582,-0.7034679101977498,1
-0.10749892026080592,-1.3882270009575155,1
1.9164736823242867,0.24510122685567778,0
-0.42070527891955173,0.11381913974428337,0
0.15381247213201096,2.125812623054716,0
-0.769686395596042,-0.9758287254504207,1
0.42681804102478804,-0.6143062751534147,1
-0.6624723642413286,0.5743477777776098,1
0.6298396981763621,0.14315534066704164,1
-0.2423236976821293,-1.478762175732037,0
-0.8620025756645308,0.7944101076953072,1
0.753211985926668,-0.399210374290765,1
0.2907707861001388,-0.7653177996413385,1
-0.8259534971395553,0.7367564368875315,1
0.17261709033357112,-1.1275423587974893,1
-1.5295574794561662,-0.851476247754456,0
0.20648821797633726,1.4655686216862491,1
1.1538095505875392,-0.009712224921273783,1
1.0602265455122932,-0.3797698648337505,1
-0.2623535367541441,0.6953484593505818,1
-0.5049989653278315,-0.6395154724479856,1
-0.6053821845911055,-0.01658703851180741,1
-0.05229219121159387,0.3539213326193629,0
0.32792679726920376,-0.2805280552246927,0
-0.8916888486692381,-0.14311273667447935,1
-0.7950361474877862,-0.7259290527880937,1
0.05074100516084927,-1.8807600538707434,0
0.9743496907953346,0.7494447016093787,1
0.346805786395039,-0.22068991119373232,0
-0.8893338926707529,0.7064347505232439,1
0.7879866010149523,0.9593042152295501,0
0.2661636656257997,0.05986398415000313,0
-0.3108877199308305,0.02004505716745707,0
0.8393380782211297,1.2389768442637272,0
0.3631362993445069,0.14964972707823207,0
-0.1180985375796669,-0.9097012805831238,1
-1.5450970837300115,1.538190904215388,0
0.9093152434740804,-0.9112165581508394,1
0.6172415177417857,1.1406628755364125,1
-0.5485644745922811,0.38678771564244263,1
-0.6174863276818118,-0.4261960815391135,1
-0.18534997522961966,0.9519197990987059,1
0.42771507429177,0.43982292673612333,0
1.1897288083188482,-1.9405951759519726,0
-1.1369258459721332,-2.344827858802328,0
-0.750066851204934,-0.35943529715655526,1
-1.6229443069295777,0.37691855662137896,0
-0.5188603180685142,0.5861833727245627,1
-2.1278324079705015,-0.8085102109659443,0
0.1575789125324214,0.16799169877077058,0
1.4121718436936217,1.032363666874198,0
-0.4831178762029012,-0.1659299810325784,0
1.6109403152898534,0.682606941422476,0
0.9729691225839187,1.4534623365401118,0
1.8460152062060076,-0.2593108219061744,0
0.433264786234577,1.3076683017676993,1
0.4736593519553518,-0.17708833311342015,0
-1.0712059972011043,-0.3594546254741812,1
-0.7012660414138409,1.205662795123175,1
-1.0198587323990915,-1.9787047097418349,0
0.09844778176616792,-0.7358538999878708,1
1.0846164803379352,1.377549416032167,0
-2.808695093212371,0.22483968580307287,0
-1.3202273602887415,0.017418660841695067,1
-1.6101590452219967,2.1683546899320847,0
-1.462456785125772,0.5234950351726116,0
1.8066542539114636,-1.1520642909094851,0
-0.23318172273558777,0.38084432844384297,0
-0.6037086591450118,-0.3927576390422579,1
0.2848854900684707,0.8487408030218778,1
1.7576719115207387,-0.3763010179256224,0
-0.07964862862756103,1.4376216833150695,1
-1.7254670281866034,0.3112597825529785,0
0.4613651724620379,-0.22963297254579396,0
-0.0005719690955014058,-0.8415992922159472,1
-1.6388165644576151,-0.06351561263916422,0
-0.719945101563706,-0.47866767298968155,1
0.47905340779742644,-0.4955467290562643,1
-0.10469516966734936,-2.144961644249526,0
0.3650830057314031,1.3971378034657482,0
1.6503405000535856,0.10018782036537816,0
0.7163611937623161,1.348438224216009,0
-1.624545706467598,-0.662524479732209,0
-0.17645418456622125,-0.7983623882066838,1
0.3828838357723344,0.6179566101082153,1
1.1426655417488345,0.11944917550498081,1
0.32280318396419067,-0.16629778484805283,0
1.3490327684602934,0.32805707052264893,1
-0.7285237678449688,-1.8558494743562148,0
0.8748255316055762,2.470878336026909,0
-0.9996566030054139,0.7091092026885847,1
1.1469471686458883,-0.17414803293383863,1
-0.4629595096478392,0.009978092317567392,0
0.46524753818485487,-0.11619919686010964,0
-0.22640720205817572,0.16810088437250104,0
0.9962581787301176,0.6617265580707725,1
0.32682798977195937,-0.3240825720130429,0
2.303005925354289,-0.9592798438789331,0
0.23912508611205235,0.05805853121938035,0
-0.509565303962546,0.6459138753986154,1
-0.7971799789084489,1.24299071499386,1
-0.6253116163283496,-1.6981983964441778,0
0.3040828586007061,-0.9141565056086994,1
0.8510202033374817,0.9862439826650711,1
-0.6928151003312476,2.246359747593689,0
0.49476638004326734,-0.5476085859368126,0
-0.9776239025790259,-0.8897027793360149,1
-0.27588589130955044,-0.40672785109024184,0
0.7707287564548865,-1.05768855879997,0
-1.051241510104547,-0.6980862890593273,1
1.8720420077674704,-0.08995900913780029,0
-0.8395880152834545,-0.6663205971210736,1
-0.47412786735404977,0.07093187677940803,0
0.28920616629638335,1.9432306870314218,0
1.4245185358094807,1.0713216336343103,0
-0.2019109058345114,-0.38982039182058226,0
-0.03450209896456278,-1.3852907440566633,1
0.24778259592289095,1.0601909293697065,1
0.37916577484559466,0.641029093949745,1
-0.9150266056929919,0.19804868243016097,1
-0.5464774847905327,0.8484131404496753,1
0.005668579218749227,-1.4493954936645348,1
-0.11452706434110747,0.677493545121523,1
2.231082064372883,1.0265344767389064,0
-0.7527118711586261,1.4144749339804348,0
-1.2521098157232429,-0.6088040034322639,1
0.18462260263789826,1.0622794810297906,1
0.5136605957530723,0.012424736870119683,0
0.0447669556121958,1.2829202984660075,1
-1.8262362446498324,0.2507218390600483,0
-0.06216170202701234,0.4620684988947352,0
-0.794717432886818,-0.7896208566219984,1
-0.3828449924412102,-1.1647411431333659,1
-0.08635500687834201,-0.3760891700122478,0
-0.41498389114649425,1.5335599197297372,0
-0.5958904684790467,0.37743278613059844,1
-0.6302570945401664,-0.17791755189213254,1
-0.3141392109274194,0.4352937879883391,0
0.420829017720548,-0.20756837014041515,0
1.1640790436566557,-1.3553111822446995,0
-0.43187969360457995,-0.2928919979365908,1
0.016950131832933944,-0.8919308895521009,1
-1.8532593402082336,1.088878846978319,0
-1.0471259147928216,0.977458965750131,0
-0.4838508962205549,-0.1514371766656333,0
-0.8449234907233909,-0.8639529462908856,1
0.5075324886730458,-1.3366677740505053,1
-0.04623368354204861,-0.4652925856882737,0
-3.3122728335764067,-1.5318057503038716,0
-1.3448484437086694,1.1408000769324809,0
-0.3574820793025709,-0.10670721138589995,0
-1.4881482667745585,0.3597464736445348,1
0.7680728579395757,-1.463447816804084,0
0.9381109309681024,-0.7800525206324448,1
1.18099178729365,-1.471586161413832,0
-0.9960717392721242,-0.07359695659154714,1
1.0530019920593576,-0.7545721073151966,1
0.28131495141430857,-0.7785050074823371,1
0.625481207404066,-0.9842266625598372,1
-1.335447950969736,1.2500790869158873,0
0.9746443726992835,-1.731248840273909,0
1.0483117821838872,-0.23300448759386846,1
-0.5435185333810573,1.2988159798320065,0
0.03734648777635392,0.7526847784813474,1
0.8663150469615611,0.09058349898357941,1
-1.0019358825116282,-0.07402111142110512,1
-0.15478977894708465,1.3909432697384296,0
2.189048351720362,1.1180783047852734,0
0.5736977127315643,0.7945417812094968,1
-1.4075507981734818,0.557267618320822,0
-0.2726429788272185,2.6787051785087916,0
0.4914516807396127,0.1913950457782605,1
2.2870763011797908,0.09439183795145571,0
-0.5028520645890862,-0.6600869173243477,1
0.19073389463801124,-0.6953019655486743,1
0.4727563973562838,-0.40333337133403885,0
-0.6884959905260988,-1.3337106217814874,1
-0.5687237765304844,0.01003635873380802,1
-0.23232175305862474,0.7676558097658527,1
1.1293394946780595,-1.1154723483318774,0
-0.3242401703434214,-0.06031156871785805,0
0.5784186274775842,-0.5154288976678171,1
-0.04078527903464844,-2.0027355344635684,0
-1.911496663913928,0.20315310634967476,0
-1.2347859909518584,-0.12797784685134497,1
0.5647881434768287,-0.23302000491255387,1
-0.49474948273445923,-0.26743434369240154,0
-0.8988519699213221,-0.09967261367407974,1
1.2581495210585543,1.537746209615599,0
1.0649317167304542,-1.185981380806147,0
0.07507590166868182,-0.8751524195611021,1
-1.8737526108846208,-0.8730578779945052,0
0.6124176903221026,-0.2737421657108823,1
-0.2051972623853807,-0.4863373564729261,0
0.09128135250111306,-0.22196969157728821,0
0.6848843363638291,-0.6427854611852908,1
0.19667811416347677,-0.020685666239992413,0
-0.1837908833487485,0.8704294310182986,1
0.6312753374613504,-1.1324658391907187,1
0.16908038282625132,-0.780080681391106,0
0.6232918101345669,1.1126610657160139,1
0.16395247264857502,1.756408254847524,0
-0.8474045535607526,2.478648451579455,0
0.0352465793329739,-0.7424326956247077,1
-0.3880793715965216,0.2835205827564236,0
0.1628632533606098,1.7095946408510176,0
-0.12977416535331873,1.4029246361237262,1
-0.1995660357978835,-0.3333004379009285,0
-0.5991591383118869,-0.6843295230741938,1
0.6324080869801382,-1.1401967188034003,1
-0.35519501029358863,-0.9537588141605667,1
1.538071113763275,0.25251839600264353,0
0.5863369904762583,-1.8393279092606147,0
0.5167069451499866,0.4150872854322673,1
0.050387307650616525,0.5411442196471415,0
0.7535223096666044,-1.9097238172784694,0
0.25871058735406804,1.022450797194247,1
0.09796727577892021,0.047072066017381016,0
0.8321068993841866,0.831734739409446,1
1.253177660118685,-1.1182857112685338,0
0.8138199973780971,-0.7561078124065684,1
-2.013624516000486,-0.1446992684929125,0
2.5355904352039023,0.1848133839703322,0
0.4805881995469429,0.04173777353269579,1
0.043791297391924056,-0.8883325640079781,1
0.4060216783599105,0.705158073501632,1
1.5981816023324398,-0.4438440462043986,0
-1.5178639465340076,-0.6238580295270074,0
1.308716625723417,0.5588006771192122,1
0.04529980603680419,1.1504352722328655,1
0.29895243066222027,0.6152009105331813,1
1.4784206418521753,0.6907110579041033,0
-0.03704439313426337,0.7458144789809829,1
0.9840900095241658,-1.5981523334605467,0
1.8537735416130308,0.4749775650585452,0
0.598483449999078,-0.6406652899536728,1
0.45082850824233267,-0.6865786425674969,1
-0.012182324711161914,-0.30213755831013206,0
2.1793655854671594,0.5404927660418243,0
-0.9151890648547752,0.3211572370815027,1
-2.6856973820510674,-0.09256289241399226,0
-0.1568850482858513,0.031381631646961346,0
-2.029959111694718,-0.8927216151272076,0
-0.6531879811178879,-0.7129475929996317,1
-0.1423121771166462,0.4153068930563362,0
-0.8947500168959824,-1.3783011139833388,0
-1.0848306385916926,-1.2471382165084843,0
-1.0100120685964717,-0.4272807238907568,1
0.8431035726179348,-0.32229163738797206,1
-0.15623527169659765,0.6421448837716487,1
-0.17098015107698772,2.051977930282195,0
0.9714887594045601,0.6462788239507442,1
-1.692629139165443,-0.8415008529890123,0
-1.8191691016400546,1.1655214425620024,0
-0.772466836017126,0.17523705060478534,1
0.6972660084057747,0.1573765897661964,1
-0.9826565597646341,-0.48537196092612,1
0.38181163623349046,-0.6490222255041519,1
0.449185543291629,-0.13076694941255546,0
-0.6738147577610523,0.2293002719700745,1
-0.0123760570020139,0.062402326835323776,0
-1.4487813218269026,-0.7593023895331429,0
-2.0962876492285543,0.46898493077412856,0
0.5947167132508615,-0.19221217366938353,0
-0.6085052812399817,-0.8987671502632308,1
-0.030245467088918978,-1.4481364834355765,0
-0.24677785345153583,-0.15950786910671647,0
-0.26561738645834565,-1.4142056443132838,0
-0.14642481335782967,-0.7368021549957483,1
-0.35146826234743017,1.2989873395765457,0
1.3240589672230278,-1.5134162109771014,0
-0.7800583526230979,1.1559737453801566,1
0.009507589813571568,0.5534339952523303,0
-1.2159342473172965,-0.15752444569722931,1
-0.24748034863454257,1.2557009845263478,1
0.6014061376426945,-0.39331838657376955,1
-0.312852357320014,-0.5904126239083426,0
1.6429372970491718,0.42194363866722046,0
1.1565775509751386,-1.0115254546752188,0
0.46115980985166544,-0.3652086873795111,0
-0.8614080241119711,-0.1870448251608344,1
0.6670817891145114,0.042662673218255384,1
-1.1715658360073242,0.16568532716247403,1
1.3762843967387064,2.292881211986115,0
0.5919602238932984,0.8265975295789197,1
-2.212017497065,0.1307726181099004,0
0.0015462678019768075,0.5521528250180032,0
-0.2199589887060718,-1.142506149001149,1
1.723105790989651,0.25967121442500174,0
0.5566779971341219,-0.2844987628124522,1
1.7506101375721086,1.4472379291709918,0
-1.245917233860168,0.11828083283844644,1
-0.883026255700811,0.4378461756549923,1
0.6596358132119826,-1.4456488427693512,0
1.2990672187527892,-0.43553737974711915,1
-0.5146088472012719,-0.7430896600166594,1
0.2703628985168364,1.7676417364606842,0
0.06037093357677969,-2.1510832287624315,0
-0.04492094346067375,-1.1472895507263792,1
-0.5135204116583433,-0.2897134287532573,1
0.037518679683830894,1.4667972006804617,0
-0.41832846314844346,-0.3498264819318105,0
-1.1420068645892747,-0.4276635024735454,0
-1.3278509971602233,-0.5760875768534962,1
-0.5174315511544874,-0.6969136900098106,1
1.2237336207800942,0.11108537765198662,1
2.022746521073963,1.4601212038454146,0
0.7318844346687108,1.5923122048052483,0
-0.42150767414729257,-1.35898927964612,0
-1.5961632691070662,0.4213429033079369,0
-0.6930416921646971,0.5670200581586728,1
1.1869073295437151,-0.24349746699537872,1
0.3657678514090358,0.2304336459057429,0
-0.408347935440981,-0.7648087638152264,1
0.05533364038966126,1.8005633259580567,0
-0.4459641444516306,0.9609234557312714,1
1.3480335230931082,-0.29758084407427765,0
1.544778638402385,-1.0441777854752439,0
-1.6056011048677632,0.7342725388048172,0
-0.41237587736360043,1.7808770900008342,0
-0.05398551605521268,1.0668951067319625,1
0.4476439999706614,0.17620148612874428,0
0.7706846486190697,-1.6346134312474363,0
-0.24373233668008387,1.1891535348120765,1
0.26293885821408225,1.8892398487260664,0
1.0963971861834427,0.5867544179896678,1
1.5016808430626694,-0.327122867873599,0
0.8823968687149646,0.4265124312878995,1
-0.5791197374252415,1.097457446941459,1
-0.91630710893966,0.5808853630352473,1
-0.48731457697463604,-0.5215762346823409,1
0.7934346786942634,-1.1587577351138785,1
0.6344789255300735,-1.2092078131933317,1
-1.8157382068548007,0.37384533880201487,0
-1.999630848483666,-0.4609642224582973,0
-0.42928838685797693,0.47908400755756453,1
-0.6644732479326767,-0.06883981383698551,0
-0.7779541012729966,0.2671047159245145,1
-0.5419050602828677,-0.7160267120866787,1
2.1128507956110236,-0.03641551573180961,0
-1.9708411849952472,0.36642377763876416,0
-0.8621398264696837,-0.7048650188523303,1
-0.2266929195818796,1.6292691973257278,0
0.34692860827216204,0.04501997166693407,0
0.06146089039370319,0.15102566577353102,0
0.33695720273883784,-0.42011217609787566,1
-1.270331740907637,-0.2920069351499644,1
0.5992411478470867,-1.137022341851742,1
-0.23750879332368632,-0.10512083942729246,0
-1.2349228404984551,-0.6821109519370089,1
-0.8587521766586057,-0.046938640527338864,1
-0.8690446660235065,0.05404977572978018,1
-0.682243467641994,-1.615495940588133,0
-1.3436440237875145,-0.35361775947178337,0
-1.188846519808346,1.2414844421264495,0
0.27491951410773374,-0.270010282927995,0
-1.6186876854292975,0.6738752942162552,0
1.3290042642374276,-0.8850195688224377,0
-1.952891517657003,-1.6055018660207925,0
-1.0689109357508595,-1.1312600090956637,0
-0.750743973335229,-1.082772335390288,0
-0.9200833758265302,0.8885410010123818,1
-0.4612541510181422,1.4314641590177695,0
1.260186856750758,0.2603738936495582,1
0.8281427183574193,0.8981983328738072,1
-0.5206202447418593,0.994088524576654,1
0.9936318923871884,-1.287091937479127,0
-0.5468746850887966,0.5059539380949846,1
0.08137408535119531,-1.5650742095924002,0
0.23690315617295088,0.49291312692027417,1
0.5593616148463917,-0.20763812310651844,0
-0.9006501147601985,0.33741085712230734,1
1.8992601460819247,0.0927451738674367,0
0.774590476789362,-2.3888898111477728,0
-1.0661488819277871,0.5252357640956978,1
1.3093038851098777,-0.6201110682996268,0
-1.7509635746390617,-0.06978693250241896,0
-0.8860095078842849,-0.6161386995508267,1
2.8859342178833454,-0.591423951592197,0
-0.32342913116778993,2.5641900830269293,0
-0.3156249944566674,0.6236442196461062,1
-0.3830107758560628,-0.03077085887122506,0
-1.1657047430549365,0.9881767548104888,1
-0.2550908522628645,-0.9880960317025982,1
-1.920958104130721,-2.7381666864227046,0
-0.06751472424423381,-1.7055765283618707,0
1.1848923910492672,-1.3511207350835737,0
-1.6611554355494236,-0.08523326590048988,0
-0.34700089095056547,1.7856601402012733,0
-0.7512793751867106,-1.3858806051688088,0
0.6891316846557297,0.8390939700949084,1
0.20213041342923532,0.4650586346905483,0
-1.7138916063749712,0.3930530615646399,0
0.8939408353729903,-0.9251715838312942,1
-0.322244531267127,-1.075232194366377,1
-1.7603224382321143,0.48071733281657403,0
-0.4130917334662616,1.5506132976290055,0
1.1061405891591338,0.8705224046258098,1
-0.9231937416166784,0.6575057756409817,1
-0.5951535759149185,0.5196822289636263,1
0.2968131569973802,1.9224710172147366,0
0.6322395731155053,0.6730399753990638,1
-0.7640984589953015,-2.2179889551224874,0
-0.3750676175533293,-0.27638300350170386,0
0.011933962149668948,-0.9529272180721438,1
-1.2608110723012227,0.525459689639921,0
-1.0758174415770412,-2.0308083336860494,0
-0.35671987751000284,0.5431507886422337,1
0.32217999547562354,-0.34902127246619996,0
-0.754072725128384,0.5055609549225536,1
0.08852003692471294,-0.2301830345638305,0
-0.03951985271627438,-0.6185479955489267,0
0.718427754536782,-0.9919773776166521,1
1.6918146779339174,-0.9549516320182435,0
0.1596616845830173,-0.018540577677310068,0
-0.6081632577308836,0.6472669619144371,1
1.3907796745254528,0.310058308927242,0
-0.13737824057542095,0.955031152246704,1
0.9962512379303758,-1.5633039790175673,0
0.1880797838932302,1.2283715091664715,1
-0.16152154131805055,-0.5764347598742305,1
-0.21426901772888118,0.09195478511163571,0
-0.6072873007948575,1.0482457201067554,1
0.8531391391798034,-0.6925919971999441,1
0.7579682164081497,0.9137348319060075,1
-0.42356153865395585,-1.145968169543375,1
0.5815567966377334,-2.1016209505829933,0
-1.0169829472652652,-2.296495129619347,0
1.26326123812389,-0.8789112619522695,0
0.11633982891750383,0.8690357484123336,1
-0.48202307998207305,-0.12358899743869257,1
-0.07915976911097375,1.1448445007038703,1
-0.6673465688562589,0.5315427730941548,1
-1.1286522286377665,0.555288642412484,1
0.3109177784481665,0.4500424008990284,0
1.147405662318943,1.0046515989564597,0
0.19451476567815132,0.008177540544901097,0
1.249613887996628,-1.2646318333470468,0
-1.215108695399573,-0.4579741932569054,1
-0.29359211617668796,0.09532613345729862,0
0.11516378264716581,0.9206758792619971,1
0.3840300569104603,-1.8086191840729937,0
2.940264041165193,-0.23877651011702344,0
1.9686770202840536,0.7375450021861378,0
0.7792991928561332,1.1027706575757437,1
0.35476690720124354,1.327951164163054,1
0.8353735019809904,-2.307084246398381,0
-0.32783072452838596,-0.0809684597686364,0
-0.04431713955073298,-1.8019029309884902,0
0.10748403753589651,-2.0237105987349966,0
-0.3618430860644184,0.0674123668644251,0
0.08725959276073211,-0.5325585071568604,0
0.27932886809727653,0.6764190417758147,0
1.3055222455725386,-1.3398580456617424,0
2.0495405371990527,-0.8308911064665946,0
-0.7458886818435985,-0.20260783413615618,1
-1.1138769560253219,0.6634213531602383,1
0.5925844113556734,-0.8431792391998876,1
-0.04731516077037824,-1.4011057632442732,1
-0.5706556427895617,-1.172281473383152,1
0.2479196300031075,0.24262659102529774,0
0.29292327322723927,0.3691936081663113,0
0.7271861014164428,0.7764333087084176,1
-1.1749813540538234,-0.18121908977801088,1
0.281787874769432,1.0013248996552389,1
-0.8479359855687544,0.4039380463475326,1
0.05915660692882465,-0.8411052111090362,1
0.8757538336770682,1.773629178838972,0
-0.24414061891165034,0.2319320749715191,0
-1.2830106897255875,-1.658836502126532,0
0.2209715328774923,-1.2232195173904328,1
0.5193640876917699,0.7705104059781486,1
0.2390413181594167,-0.6774358385831688,1
0.6527054154504377,-1.26525046475169,1
0.08310415434674,-2.419553163017727,0
0.1511871222507338,-0.5439976820676058,1
0.19308536675748242,-2.5806702334768663,0
-1.3947056743358073,-0.2895705532196939,1
-1.306834238940505,-0.07932523837203526,0
0.756198893137581,-2.8274266551664122,0
-0.004489416675045208,2.4700119113988666,0
1.4406006137297682,0.15574681804444232,0
0.8842175795998144,-0.27598565886201054,1
-1.1549237847778597,-0.21079459550340135,1
2.0761715183002223,-1.8570885655674094,0
-0.40909139812327083,-0.6482352282017365,0
1.486262094177397,0.34164159414882495,0
-0.1870457057059361,0.1859827356511708,0
1.1214960347316911,0.8365455369493181,0
0.20480111723669242,0.413153450624237,0
1.7910319634616292,-1.0443219280375835,0
0.10571483410175862,0.15129852556931164,0
-0.7346665941333896,-1.2190334827306057,0
1.3920304102954755,1.8531890880211928,0
0.6358568697841216,-1.45682074911259,0
-0.17713900485825415,-0.6671980696310037,0
1.2647284163850987,0.43693387270391937,1
-0.23770653883554882,-1.1730700828055485,1
-0.5344099580388361,-0.00404544170870892,0
-0.029791176388529596,-0.03763046999560282,0
1.0903322419506614,-0.27086853277255923,1
-0.6658626327845135,-0.6265132577446595,1
-0.9842027712663969,1.0063191846119843,1
1.7101128702721085,-0.7844318432850541,0
-1.9310766078050647,0.831457142985079,0
-0.6447359037398659,2.088442950106828,0
0.9329123876123788,-0.29839236001167474,1
1.8448121179390764,0.3883096284925508,0
-0.09904778334355799,0.2796471583497918,0
-0.3193137512129312,1.129884260227828,1
0.9916967553117746,1.7830238328205823,0
1.196826545079143,-0.9138582718214942,1
-0.6673550470079612,0.18185301140919793,1
-1.2274756259155724,0.45874880933521495,1
-1.460122273646704,-0.2672231470655047,0
-0.8715088478404661,-0.9749531899473027,0
-0.5401351923924438,1.1260496187736575,0
-0.6275125824136579,1.8540688741420164,0
1.871740541177297,0.23694595870208468,0
-0.04837904994706574,-1.4689571674110087,1
0.8064298172831885,-0.054981432443257955,1
-1.3814946036602163,-0.11826269748279415,1
0.11361292462272153,0.8581289829194881,1
-0.11004183260154823,-0.49017849238694117,0
-0.52634342406411,0.33338679856112724,1
-1.4399368663360324,0.023230332153018268,0
-1.4704924149670522,-2.0581635539922734,0
-0.6956877107693749,-0.442334857202279,1
-1.9711509499177224,-0.8450101800542977,0
-0.5512479119248533,-0.12808236916446983,0
-1.6633419903392708,0.330307310675287,0
0.5932870402503909,-0.11895713870245107,1
-0.09249205647489038,0.2816422354334767,0
-0.8980710936411098,-0.456689083737886,1
0.13969306564668768,0.4441766237467596,0
-0.7064739701034,1.442838317016888,0
-0.7722943400763206,-1.0292255941447024,1
0.6081853026332099,0.760887190646916,1
0.12931465456724064,0.49394668105825007,0
0.7979711902693848,-1.8939856907074548,0
-0.29535033542749217,0.5635196368852745,1
-0.6583570033670829,0.13613281212605205,1
-0.601118662948653,-0.6390497579542287,1
1.075593923558237,1.4992975893107812,0
-0.6406311205551936,0.9466722269824284,1
-0.37929037612226035,-0.7638933421116679,1
0.2237689316472962,-0.33777254038519183,0
-0.3659913175033465,-0.060170999349333947,0
-1.3666635864261434,-0.45693928166891457,0
-0.5850067931951141,1.424936252202747,0
-0.1982810181159789,-0.32369703817256407,0
0.1499090350875596,-0.8744521913975024,1
0.16032127985316405,0.39364991682393374,0
-0.22012030869934496,0.18590125644261737,0
-1.0502613376339545,0.8169354059736418,0
0.9470278891802245,-0.41479446017049587,1
-0.6180710156259192,0.015920377035121776,0
1.0706965514769682,-1.7500138664387792,0
-0.2859122908821408,-0.5868775046651081,1
-0.5312268860529257,0.5859664282873558,1
0.22484666904938513,1.0170296531772676,1
-0.16212112403648904,-2.145870298094661,0
1.0332740214179577,-0.4488470479882056,1
-0.6717574350601716,0.9533565473024399,1
0.5121789576385393,1.9459045790834106,0
-1.3318225664211163,-1.8265143078302066,0
0.5483086704988711,-0.31448009007246197,0
-0.40513420177206333,0.09384248234383911,0
-0.6676644495408004,0.72500835033724,1
1.0603246483314777,-2.276772869085588,0
0.8680068139395036,-1.50745829794548,0
1.7224603926739148,0.5435222835237186,0
2.9361097319675835,1.3968323173928738,0
0.22547668481399774,-0.013302828412970218,0
-0.9994581431625175,0.656569058704448,1
-1.6379897977177813,0.8297123367265734,0
-0.25482710230109723,-0.08859193633314683,0
0.15332437174163524,0.35449569864037533,0
0.39497034240822537,-0.9910186437792985,1
0.11060996415229198,-0.12490796675079961,0
0.6677119255850068,0.5890938725561106,1
-0.6625391761115278,-0.4303493726316502,1
1.1312936154792552,-1.4651991147471592,0
0.5767437209652228,-0.8153862336764618,1
1.3131683935906089,-0.9448171482064057,0
0.2736759603161295,-0.8302717905948099,1
-1.8208385953430257,0.575513846524337,0
-0.06452345033530331,-0.4021764138358944,0
0.21752726473432327,-0.5473895621946311,1
-0.053980005410940425,0.9885436352817182,1
0.9229141346731783,0.04146785663597361,1
0.29618309257373443,0.11232365226904321,0
-0.9709019570202428,-2.0587792026334903,0
-0.9975377141371079,-1.602258670440367,0
1.1113160348940005,0.43761189793713057,1
0.8297854240764236,0.8572456617777623,1
-0.7624288837999206,0.14037846762196923,1
-1.502969833768586,-0.40153248776765,0
-0.687068882372082,-2.373861330708026,0
0.8212359990754498,-1.4770854462949252,0
2.180443789795531,0.26321849027882455,0
1.2910598712347598,0.4015345695725656,1
0.30946246647377496,-1.0747401015147229,1
0.3795662559153894,0.0732002434098001,0
-1.2445469279058103,-2.015704163633833,0
0.6140328699658073,1.4673812903077974,0
-1.7481299156301118,-2.2236460050481957,0
1.8402869625226381,1.666160583163556,0
1.046848534702269,-0.6476189410528748,1
1.9764634802596253,-1.2550315095816893,0
-0.2606543688838916,0.23299662337609112,0
0.5700765473404701,-0.005101969936102022,0
0.9008696584819937,-0.7732484188591917,1
0.8471155654107788,-0.6548556739931376,1
1.1452772477594255,-0.755811390390015,1
-2.0479334507592832,-0.40091692528321077,0
-1.0390134108405222,0.32224736933450493,1
-0.8205203192535374,1.3556989497263805,0
0.6196514930371357,-2.158730946209283,0
1.5843722839097725,-0.3259044693346989,0
0.4366314208893092,-1.7113138044173954,0
-0.6290561695650491,0.4241680259137443,1
0.8915296939085668,-0.14497688459429942,1
0.24126779397754233,-1.4913214928457081,0
-1.3796282302126313,-1.3228238437411215,0
1.2797024142744344,-0.3263296736673673,0
0.964433932805129,-0.5248502415611584,1
-0.5682528091525683,-0.8679921480002909,1
1.061497449955146,0.2591161139003226,1
1.585534821972113,0.5180538965050492,0
0.5722703765025959,-0.17675540417992186,1
0.6218038586593101,-1.498055473824326,0
-1.4366060578985314,-0.061677166679228436,0
-0.584166610706662,1.752292144906019,0
-0.6735280595082709,-1.5976696083465793,0
-0.7133309468931668,0.3615721775754838,1
-0.050958470658036686,0.4452091659478062,0
0.04015321121927253,0.0549587802418108,0
2.0303889421227903,-0.006199271726140434,0
-0.18496001895094746,-0.4174697059464488,0
0.25858949790663865,-0.0032559130714770166,0
1.0983793377448452,2.294765765043585,0
-1.1650606466403783,0.08941096325022592,1
0.11626731788594453,0.7157424408913009,1
-0.832121238505733,0.8558823344327121,1
-2.1318009332516574,1.0367989508640683,0
0.8229621926237428,0.3854165779903438,1
-0.6271640140153099,0.5911721287890888,1
-0.5453933784585763,-1.2107836605594484,0
0.5990121741885289,0.38218571421747227,1
0.5814792704146833,-0.42548669936712735,1
-0.8394649531737374,-0.49860229239344006,1
0.715978223684254,-0.5893625716269147,1
0.02847898068139589,-0.4086031432317706,0
0.2740486748983696,0.07327332431296855,0
0.9617854309708924,-0.9657625146116655,0
-0.8062395900394548,0.45923476959405146,1
-1.065040459505776,-1.2787849417166786,0
0.5740631336698817,-2.779048982762091,0
-0.0796971106943469,0.33542321578611106,1
0.2678491145366882,-0.3150995533491852,0
0.4905059550031645,-0.14784683463914025,0
-0.8872668684515556,-0.609769745452107,1
-0.35929482945548646,-0.12355199179663111,0
-1.868633459226413,-1.145498426061116,0
0.20832080780244985,0.42026463981960877,0
0.7765322107609909,0.361315737707155,1
-0.9315102994918405,-1.020662709140975,0
-1.1827874589845941,0.5767868660632594,1
0.8060703005254828,-1.1332757267212072,0
-1.0593541029490359,0.05930838053519502,1
1.2369624106015464,0.7295493643613811,0
0.25936304726733195,0.5196551334662408,1
1.4230817272116627,0.2534730656153396,0
-2.5165869811403168,0.47469697183606413,0
1.6939021962156315,-0.04812328148812741,0
-0.033891616573183445,-0.6202305834658354,1
0.6727340109534176,-1.4234105456560882,0
-0.2427862809893075,-0.515040330358689,1
-0.14834616752964983,0.5701348984161435,0
0.08084147695839719,-0.48968613542430983,0
1.300402820677746,1.855293910963511,0
-0.5812698621775781,-1.2724909334894074,1
-0.30319386812283317,-1.006223170464578,1
0.978550073294268,1.0529689924039396,1
-1.4123078668527118,-0.09010452318385269,0
1.2785769602792398,1.3073824242517667,0
0.3690310812827829,-0.0035861741862746547,0
0.6600345481069319,-0.08215841641999631,1
-0.0910604802256546,0.08455801067677003,0
-0.9397258551348378,0.09048908052249113,1
0.413171612011152,0.35036738314479304,0
0.6131931813059565,-0.8467831229995447,1
-0.4447158365093424,-0.5169941867921636,0
-0.6329321388786567,-0.8546585142973782,1
0.49700030054264627,-0.7714238785158994,1
-0.30281784696179603,0.7401986021048005,1
0.11820971214478179,-0.4400278742971774,0
-1.645386582743869,-0.06405710746014473,0
1.1535456412438037,1.6703395540285848,0
0.10255284104233195,-0.12103507709495057,0
-0.8573788690473889,-0.5569378184795655,1
0.10610687585449832,0.22906794068999867,0
-1.033515192157625,-0.06952438254112084,1
0.7131741350709903,-0.5230431104930531,1
-0.8190185148135037,-0.6874091612207172,1
-1.0032508693305233,0.7112322611038739,1
0.8746700277849668,-1.0664365553713209,0
-1.772365008825022,0.04754014051026388,0
-0.08225398043008991,-1.1460107542221678,1
0.3179687403832637,-1.3766874127258966,0
-1.2495218894098719,-0.029831158560811342,1
1.1484033266076081,-1.425116291202126,0
0.375755763723909,-0.5177025919183541,1
0.973724643008107,-0.7488660456570034,1
0.01613251750805791,-0.8062145337014623,1
0.1419202237115364,0.8253358689641196,1
-0.873458297574175,1.7059146423919134,0
0.294298142969783,0.13165414367003966,0
0.762909166399013,1.6115947399019515,0
-0.2799679145791619,-1.0312240315157595,1
0.08582250800000324,0.8547632050770916,1
1.6515112992631085,0.26236237412037594,0
1.1053234272725518,0.86108787584685,0
-0.6497053932999877,-0.778626312069772,1
0.4146931313329322,1.4730631380508217,0
-0.6761371859860689,-0.4748595746661373,1
0.14427733962505981,0.24004293002443444,0
-0.105447732549729,0.9066497462419086,1
0.19432531791737007,-0.28480702105299294,0
1.6271428517098898,0.5831553484830567,0
1.0102003428146908,-2.1067554981832908,0
0.24566323365348866,0.7242478855060656,1
-0.11651685295148434,-0.34133992144735925,0
0.41670555795877406,0.2757257922796151,0
0.3131899039490779,-1.2410630970662535,1
-0.5914936937137313,-0.10578156088555936,0
1.8872883780107919,-1.5884459969279638,0
-0.03515497614333001,0.7018741830889468,1
0.4203329794546404,-0.009207273374801705,0
-0.3893983293115015,-0.6704128899430303,1
-0.3302069595514616,0.6253277674434606,1
-1.752257128333595,1.0526505713178294,0
1.237838175529807,1.1941772703788691,0
-0.29995824359974754,1.9810861757511387,0
0.1635853244971142,-1.8658450630373626,0
-1.3498674581610308,-0.33804348875614193,1
0.5162340437421759,0.40412509698040633,1
-1.2795434879964325,0.704406183103791,0
1.7078346218260547,1.0351185580508506,0
0.03644143032152439,-0.6895352306750516,1
1.9671524299975447,1.3363674856319585,0
-0.4986111944430375,-0.4665940631458663,1
0.390018611544276,0.7287469883425195,1
0.45987889117685604,-0.4300353281756758,1
-1.1741781239759224,1.9509777449342574,0
-2.749573980927586,0.04495230900861845,0
-1.470272759769788,1.6617986468512786,0
-0.5243218219526388,-1.5171061454001575,0
0.624626399317083,2.3189166593840387,0
1.148297560984238,-0.5282697435781236,1
-1.5330975396833544,0.30483143683710523,0
-0.8277076572282013,-0.6529910476021891,1
-0.25367446906131075,1.2312951341015739,1
0.7421609505145204,1.4298640319906897,0
1.9582193251618056,-0.010078853447681843,0
-1.206926577383202,0.6840335362340423,0
-1.5538066245736053,-1.734524250078608,0
1.3170055030553283,-0.8887962092127387,0
0.4012623549509706,0.9790002768598821,1
-0.898924840605278,-0.1886201918674661,1
-0.67049923838201,1.92770375290164,0
-0.03958974850009709,-0.8042475755846493,1
0.7288601990796107,-0.12164380458697598,1
-0.34725577255295154,-1.1991979011954483,1
0.7730349826328017,0.20241183741492202,1
-0.5044616870778001,0.9286813460120391,1
-0.54611501236077,0.4880897651317324,1
-1.0911376137536863,1.561472626449211,0
0.00603716682690622,1.8733991807460915,0
2.0871881476979772,0.5205627954813181,0
0.547233598733938,1.31985697641113,0
-0.6318249462006849,-0.8229019849949555,1
-0.13281816870301782,0.39090901272467377,0
-0.6544126417611897,-0.31431924376720155,1
-1.3487625329688244,1.9465768546989646,0
0.7589572353450488,0.20179345536092413,0
-0.2495599989602322,-1.7493001722985178,0
-0.7956684367525764,0.25455606289996674,1
-0.08572119909044307,1.6789019010765802,0
-0.668784770079044,-0.5541214006712731,1
-0.5474143290958062,0.8886200537972253,1
0.5324835844280819,-0.8980422191582619,1
0.8443419274740197,0.3828035954818185,1
0.5997906033854872,-0.5848388494480795,1
-1.6620491038715703,-1.4157889709863045,0
-1.6557164076017303,2.3570203153577642,0
1.1520912907835346,0.514874519987594,1
-2.5997167499212877,-0.6052715854285279,0
-0.3947275422778207,0.1536480346976699,0
2.098926524295698,-2.186636296600885,0
0.74381827758673,-0.024932087244466473,0
1.302994937344586,1.2636047543530338,0
-0.45274548819276317,-0.4971307049794773,1
0.6605629767377433,-0.7367649310434732,1
-0.2718055101531446,2.5158500544642903,0
0.25493831966772773,0.07827068531426386,0
-0.10075097915568793,1.3941038805301316,1
-0.3517223547399664,0.16319885153077202,0
-0.42498407893465,1.050102972784822,1
0.513710419825958,-1.5168929147239065,0
1.0740781312604084,0.7885466144588896,1
0.0016832439033755734,-1.3541160685001612,0
-0.9107714765844059,-0.8429466964664237,1
-0.5265329402019518,1.521606455008748,0
0.6752940695630506,-0.5095070660701797,1
0.2340200223486003,-1.7265519083906782,0
-0.22865389994331414,-1.563934204110353,0
-0.8341174945593264,-0.7058465486986062,1
-0.6526432942278901,0.1792293393877326,1
1.1377577898280806,0.42608767999524527,1
-0.5414489241350771,1.7002444058645487,0
-0.441973189096969,1.2645941065285609,1
-1.2412541469556664,-0.5109346308328065,0
0.5473014670079966,-1.1295924644272741,1
-1.096415873154138,-0.6340689704483837,1
0.4835564614502297,1.2869380726929405,1
-1.240040758971842,1.0713305251436516,0
0.21747260032183136,0.959184537005543,1
0.008166856567972705,-1.1166984090712988,1
0.6462112272295615,-0.6392667955517942,1
-0.7373478958400813,0.8607033953822338,1
0.9128739635728379,1.4223817396637264,0
-1.754425027875697,-0.7296652120805446,0
-0.7133727031976937,1.3323372011698265,0
1.6332712247502181,-0.8856105004680273,0
1.056626738636665,-0.19881698298805828,1
0.009189123946562926,-0.060023848961395995,0
-1.9919547256281933,-0.4033576825942508,0
0.959669045719269,2.083862135756013,0
-0.8705698615099765,1.8071305404290043,0
0.2688397906756262,1.7220154488406378,0
-0.6614931342722626,0.587815495805041,1
-0.67750316942679,-1.288249211948168,0
-0.8815796320841318,1.2467577470810707,0
0.1119589461953004,-2.4878526952101945,0
-0.5095287958558321,-0.10486858219335883,1
-1.5214866790213635,0.34466143175745423,0
0.49066423326409536,0.19956362996952728,1
-0.6151973670143956,-1.1479802243719675,1
-1.484695993368414,-0.6807330950281841,0
0.39590452060079795,-0.46396093827658147,1
-0.10171359939532153,-0.1300837568596345,0
0.15480474609161743,-0.9156186428013486,1
0.05183836042831882,1.9380866163850172,0
0.6098977770177886,-1.7373531900505899,0
2.6390950932269086,0.7845757976958013,0
-2.8160349761786,-0.4401584031711342,0
1.9539834195503225,-0.8409750040271792,0
1.8472279148164847,0.6138389849797465,0
0.9552619062332884,0.7984725115686022,1
-0.005694027486380803,0.10393530578120695,0
-2.953276834506526,0.49554086120606083,0
-0.12560028065020995,0.7992497351411219,1
0.8482681163780542,-0.8022981910727081,1
1.214936719661068,0.9271318843026449,1
0.041489127791003826,-0.33524294845614716,0
0.2184373999971689,-0.16894366297736282,0
-1.7149569215635196,3.060877285866965,0
0.8015763809599723,0.7755354527250287,1
-1.5839205617449266,-0.4771286177965058,0
1.5130607674910224,-0.49518784881930855,0
0.8304212499456624,-1.238403419940709,0
-1.4500743412066872,-0.10958730611138777,0
0.5225012959769147,1.3312001610062107,0
0.9381863455568898,0.7942313503857392,1
0.12914059026453234,0.09264350222224893,0
-0.4330311320601943,-0.5832513811782721,1
-1.7104443037138022,-0.7654451206709023,0
-0.3690827229086468,-2.3646451609399466,0
0.2253141639095326,-1.9210154630348986,0
0.14757715257543264,-0.3524533839397688,0
1.122069387523468,1.1756268372930525,0
0.3165384214524597,-1.3870113702334317,0
-1.2425700864088745,-0.8361558096874613,0
0.6937338390991046,-0.5833339955624515,1
1.4082098683888997,-1.9949654371894392,0
-0.27342539316544595,-2.042091145884504,0
